publisher,title,categories,url
경향신문,전체뉴스,_all_,https://www.khan.co.kr/rss/rssdata/total_news.xml
경향신문,정치,politics,https://www.khan.co.kr/rss/rssdata/politic_news.xml
경향신문,경제,economy,https://www.khan.co.kr/rss/rssdata/economy_news.xml
경향신문,사회,society,https://www.khan.co.kr/rss/rssdata/society_news.xml
경향신문,국제,international,https://www.khan.co.kr/rss/rssdata/kh_world.xml
경향신문,스포츠,sports,http://www.khan.co.kr/rss/rssdata/kh_sports.xml
경향신문,문화,culture,https://www.khan.co.kr/rss/rssdata/culture_news.xml
경향신문,연예,entertainment,https://www.khan.co.kr/rss/rssdata/kh_entertainment.xml
경향신문,IT,tech|science,http://www.khan.co.kr/rss/rssdata/it_news.xml
경향신문,오피니언,column,https://www.khan.co.kr/rss/rssdata/opinion_news.xml
경향신문,인물,people,https://www.khan.co.kr/rss/rssdata/people_news.xml
경향신문,생활/레저,culture,https://www.khan.co.kr/rss/rssdata/skentertain_news.xml
국민일보,전체기사,_all_,http://rss.kmib.co.kr/data/kmibRssAll.xml
국민일보,정치,politics,http://rss.kmib.co.kr/data/kmibPolRss.xml
국민일보,경제,economy,http://rss.kmib.co.kr/data/kmibEcoRss.xml
국민일보,사회,society,http://rss.kmib.co.kr/data/kmibSocRss.xml
국민일보,국제,international,http://rss.kmib.co.kr/data/kmibIntRss.xml
국민일보,스포츠,sports,http://rss.kmib.co.kr/data/kmibSpoRss.xml
국민일보,문화,culture,http://rss.kmib.co.kr/data/kmibCulRss.xml
국민일보,생활,culture,http://rss.kmib.co.kr/data/kmibLifRss.xml
국민일보,사설/칼럼,column,http://rss.kmib.co.kr/data/kmibColRss.xml
뉴시스,국제,international,https://newsis.com/RSS/international.xml
뉴시스,금융,economy,https://newsis.com/RSS/bank.xml
뉴시스,사회,society,https://newsis.com/RSS/society.xml
뉴시스,스포츠,sports,https://newsis.com/RSS/sports.xml
뉴시스,문화,culture,https://newsis.com/RSS/culture.xml
뉴시스,정치,politics,https://newsis.com/RSS/politics.xml
뉴시스,경제,economy,https://newsis.com/RSS/economy.xml
뉴시스,산업,economy,https://newsis.com/RSS/industry.xml
뉴시스,IT/바이오,tech|science,https://newsis.com/RSS/health.xml
뉴시스,연예,entertainment,https://newsis.com/RSS/entertain.xml
동아일보,전체기사,_all_,https://rss.donga.com/total.xml
동아일보,정치,politics,https://rss.donga.com/politics.xml
동아일보,사회,society,https://rss.donga.com/national.xml
동아일보,경제,economy,https://rss.donga.com/economy.xml
동아일보,국제,international,https://rss.donga.com/international.xml
동아일보,사설칼럼,column,https://rss.donga.com/editorials.xml
동아일보,의학과학,medical|science,https://rss.donga.com/science.xml
동아일보,문화연예,culture|entertainment,https://rss.donga.com/culture.xml
동아일보,스포츠,sports,https://rss.donga.com/sports.xml
동아일보,사람속으로,people,https://rss.donga.com/inmul.xml
동아일보,건강,health,https://rss.donga.com/health.xml
동아일보,레져,culture,https://rss.donga.com/leisure.xml
동아일보,도서,culture,https://rss.donga.com/book.xml
동아일보,공연,culture,https://rss.donga.com/show.xml
동아일보,여성,women,https://rss.donga.com/woman.xml
동아일보,여행,culture,https://rss.donga.com/travel.xml
동아일보,생활정보,culture,https://rss.donga.com/lifeinfo.xml
딴지일보,전체,_all_,https://www.ddanzi.com/rss
매일노동뉴스,전체,_all_,https://www.labortoday.co.kr/rss/allArticle.xml
미디어오늘,전체기사,_all_,https://www.mediatoday.co.kr/rss/allArticle.xml
미디어오늘,정치,politics,https://www.mediatoday.co.kr/rss/S1N2.xml
미디어오늘,경제,economy,https://www.mediatoday.co.kr/rss/S1N3.xml
미디어오늘,사회,society,https://www.mediatoday.co.kr/rss/S1N4.xml
미디어오늘,문화,culture,https://www.mediatoday.co.kr/rss/S1N5.xml
미디어오늘,국제,international,https://www.mediatoday.co.kr/rss/S1N6.xml
미디어오늘,IT,tech|science,https://www.mediatoday.co.kr/rss/S1N7.xml
미디어오늘,오피니언,column,https://www.mediatoday.co.kr/rss/S1N8.xml
서울신문,정치,politics,https://www.seoul.co.kr/xml/rss/rss_politics.xml
서울신문,사회,society,https://www.seoul.co.kr/xml/rss/rss_society.xml
서울신문,경제,economy,https://www.seoul.co.kr/xml/rss/rss_economy.xml
서울신문,국제,international,https://www.seoul.co.kr/xml/rss/rss_international.xml
서울신문,문화/건강,culture|health,https://www.seoul.co.kr/xml/rss/rss_life.xml
서울신문,스포츠,sports,https://www.seoul.co.kr/xml/rss/rss_sports.xml
서울신문,연예,entertainment,https://www.seoul.co.kr/xml/rss/rss_entertainment.xml
세계일보,전체뉴스,_all_,http://www.segye.com/Articles/RSSList/segye_recent.xml
세계일보,정치,politics,http://www.segye.com/Articles/RSSList/segye_politic.xml
세계일보,경제,economy,http://www.segye.com/Articles/RSSList/segye_economy.xml
세계일보,사회,society,http://www.segye.com/Articles/RSSList/segye_society.xml
세계일보,국제,international,http://www.segye.com/Articles/RSSList/segye_international.xml
세계일보,문화,culture,http://www.segye.com/Articles/RSSList/segye_culture.xml
세계일보,오피니언,column,http://www.segye.com/Articles/RSSList/segye_opinion.xml
세계일보,연예,entertainment,http://www.segye.com/Articles/RSSList/segye_entertainment.xml
세계일보,스포츠,sports,http://www.segye.com/Articles/RSSList/segye_sports.xml
시사인,전체기사,_all_,https://www.sisain.co.kr/rss/allArticle.xml
시사인,정치,politics,https://www.sisain.co.kr/rss/S1N6.xml
시사인,경제,economy,https://www.sisain.co.kr/rss/S1N7.xml
시사인,사회,society,https://www.sisain.co.kr/rss/S1N8.xml
시사인,문화,culture,https://www.sisain.co.kr/rss/S1N9.xml
시사인,라이프,culture,https://www.sisain.co.kr/rss/S1N10.xml
시사인,국제/한반도,international,https://www.sisain.co.kr/rss/S1N11.xml
시사인,인터뷰/오피니언,column,https://www.sisain.co.kr/rss/S1N12.xml
시사저널,전체기사,_all_,http://www.sisajournal.com/rss/allArticle.xml
시사저널,사회,society,http://www.sisajournal.com/rss/S1N47.xml
시사저널,경제,economy,http://www.sisajournal.com/rss/S1N54.xml
시사저널,LIFE,culture,http://www.sisajournal.com/rss/S1N56.xml
시사저널,OPINION,column,http://www.sisajournal.com/rss/S1N57.xml
시사저널,정치,politics,http://www.sisajournal.com/rss/S1N58.xml
시사저널,국제,international,http://www.sisajournal.com/rss/S1N59.xml
시사저널,Health,health,http://www.sisajournal.com/rss/S2N106.xml
시사저널,Culture,culture,http://www.sisajournal.com/rss/S2N107.xml
에이블뉴스,전체기사,_all_,https://www.ablenews.co.kr/rss/allArticle.xml
에이블뉴스,정보세상,tech|science,https://www.ablenews.co.kr/rss/S1N1.xml
에이블뉴스,오피니언,column,https://www.ablenews.co.kr/rss/S1N2.xml
에이블뉴스,노동/경제,economy,https://www.ablenews.co.kr/rss/S1N4.xml
에이블뉴스,문화/체육,culture|sports,https://www.ablenews.co.kr/rss/S1N8.xml
에이블뉴스,인물/단체,people,https://www.ablenews.co.kr/rss/S1N9.xml
에이블뉴스,정치/정책,politics,https://www.ablenews.co.kr/rss/S1N11.xml
여성신문,전체기사,_all_,http://www.womennews.co.kr/rss/allArticle.xml
여성신문,정치,politics,http://www.womennews.co.kr/rss/S1N1.xml
여성신문,사회,society,http://www.womennews.co.kr/rss/S1N2.xml
여성신문,세계,international,http://www.womennews.co.kr/rss/S1N3.xml
여성신문,경제,economy,http://www.womennews.co.kr/rss/S1N4.xml
여성신문,문화,culture,http://www.womennews.co.kr/rss/S1N6.xml
여성신문,생활,culture,http://www.womennews.co.kr/rss/S1N7.xml
여성신문,오피니언,column,http://www.womennews.co.kr/rss/S1N12.xml
여성신문,스포츠,sports,http://www.womennews.co.kr/rss/S1N15.xml
여성신문,연예,entertainment,http://www.womennews.co.kr/rss/S1N16.xml
여성신문,IT/과학,tech|science,http://www.womennews.co.kr/rss/S1N39.xml
일다,전체,_all_,https://www.ildaro.com/rss/rss_news.php
조선일보,전체기사,_all_,https://www.chosun.com/arc/outboundfeeds/rss/?outputType=xml
조선일보,정치,politics,https://www.chosun.com/arc/outboundfeeds/rss/category/politics/?outputType=xml
조선일보,경제,economy,https://www.chosun.com/arc/outboundfeeds/rss/category/economy/?outputType=xml
조선일보,사회,society,https://www.chosun.com/arc/outboundfeeds/rss/category/national/?outputType=xml
조선일보,국제,international,https://www.chosun.com/arc/outboundfeeds/rss/category/international/?outputType=xml
조선일보,문화/라이프,culture,https://www.chosun.com/arc/outboundfeeds/rss/category/culture-life/?outputType=xml
조선일보,오피니언,column,https://www.chosun.com/arc/outboundfeeds/rss/category/opinion/?outputType=xml
조선일보,스포츠,sports,https://www.chosun.com/arc/outboundfeeds/rss/category/sports/?outputType=xml
조선일보,연예,entertainment,https://www.chosun.com/arc/outboundfeeds/rss/category/entertainments/?outputType=xml
천지일보,전체기사,_all_,https://cdn.newscj.com/rss/gns_allArticle.xml
천지일보,정치,politics,https://cdn.newscj.com/rss/gns_S1N1.xml
천지일보,경제,economy,https://cdn.newscj.com/rss/gns_S1N2.xml
천지일보,사회,society,https://cdn.newscj.com/rss/gns_S1N3.xml
천지일보,문화,culture,https://cdn.newscj.com/rss/gns_S1N6.xml
천지일보,스포츠,sports,https://cdn.newscj.com/rss/gns_S1N14.xml
천지일보,연예,entertainment,https://cdn.newscj.com/rss/gns_S1N15.xml
천지일보,국제,international,https://cdn.newscj.com/rss/gns_S1N4.xml
천지일보,오피니언,column,https://cdn.newscj.com/rss/gns_S1N5.xml
천지일보,웰빙건강,health,https://cdn.newscj.com/rss/gns_S1N16.xml
통일뉴스,전체기사,_all_,https://www.tongilnews.com/rss/allArticle.xml
통일뉴스,남북관계,politics|international,https://www.tongilnews.com/rss/S1N4.xml
통일뉴스,북미관계,politics|international,https://www.tongilnews.com/rss/S1N5.xml
통일뉴스,정부정당,politics,https://www.tongilnews.com/rss/S1N6.xml
통일뉴스,해외동포,international,https://www.tongilnews.com/rss/S1N7.xml
통일뉴스,오피니언,column,https://www.tongilnews.com/rss/S1N9.xml
통일뉴스,통일문화,culture,https://www.tongilnews.com/rss/S1N10.xml
통일뉴스,동북아외신,international,https://www.tongilnews.com/rss/S1N18.xml
프레시안,최신 기사,_all_,https://www.pressian.com/api/v3/site/rss/news
프레시안,세계,international,https://www.pressian.com/api/v3/site/rss/section/65
프레시안,정치,politics,https://www.pressian.com/api/v3/site/rss/section/66
프레시안,경제,economy,https://www.pressian.com/api/v3/site/rss/section/67
프레시안,사회,society,https://www.pressian.com/api/v3/site/rss/section/68
프레시안,문화,culture,https://www.pressian.com/api/v3/site/rss/section/69
프레시안,스포츠,sports,https://www.pressian.com/api/v3/site/rss/section/70
한겨레신문,전체기사,_all_,https://www.hani.co.kr/rss/
한겨레신문,정치,politics,https://www.hani.co.kr/rss/politics/
한겨레신문,경제,economy,https://www.hani.co.kr/rss/economy/
한겨레신문,사회,society,https://www.hani.co.kr/rss/society/
한겨레신문,국제,international,https://www.hani.co.kr/rss/international/
한겨레신문,대중문화,entertainment|culture,https://www.hani.co.kr/rss/culture/
한겨레신문,스포츠,sports,https://www.hani.co.kr/rss/sports/
한겨레신문,과학,science,https://www.hani.co.kr/rss/science/
한겨레신문,사설/칼럼,column,https://www.hani.co.kr/rss/opinion/
한겨레신문,만화만평,cartoon,https://www.hani.co.kr/rss/cartoon/
